<?xml version="1.0" encoding="utf-8"?>
<odoo>

    <record id="tax_report" model="account.report">
        <field name="name">Tax Report</field>
        <field name="root_report_id" ref="account.generic_tax_report"/>
        <field name="country_id" ref="base.cl"/>
        <field name="filter_fiscal_position" eval="True"/>
        <field name="availability_condition">country</field>
        <field name="column_ids">
            <record id="tax_report_balance" model="account.report.column">
                <field name="name">Balance</field>
                <field name="expression_label">balance</field>
            </record>
        </field>
        <field name="line_ids">
            <record id="tax_report_base_imponible_ventas" model="account.report.line">
                <field name="name">Base Imponible Ventas</field>
                <field name="expression_ids">
                    <record id="tax_report_base_imponible_ventas_tag" model="account.report.expression">
                        <field name="label">balance</field>
                        <field name="engine">tax_tags</field>
                        <field name="formula">Base Imponible Ventas</field>
                    </record>
                </field>
                <field name="children_ids">
                    <record id="tax_report_ventas_exentas" model="account.report.line">
                        <field name="name">Ventas Exentas</field>
                        <field name="expression_ids">
                            <record id="tax_report_ventas_exentas_tag" model="account.report.expression">
                                <field name="label">balance</field>
                                <field name="engine">tax_tags</field>
                                <field name="formula">Ventas Exentas</field>
                            </record>
                        </field>
                    </record>
                    <record id="tax_report_impuestos_renta" model="account.report.line">
                        <field name="name">Impuesto a la Renta Primera Categoría a Pagar</field>
                        <field name="expression_ids">
                            <record id="tax_report_impuestos_renta_tag" model="account.report.expression">
                                <field name="label">balance</field>
                                <field name="engine">tax_tags</field>
                                <field name="formula">Impuesto a la Renta Primera Categoría a Pagar</field>
                            </record>
                        </field>
                    </record>
                </field>
            </record>
            <record id="tax_report_retencion_total_compras" model="account.report.line">
                <field name="name">Retención Total (compras)</field>
                <field name="expression_ids">
                    <record id="tax_report_retencion_total_compras_tag" model="account.report.expression">
                        <field name="label">balance</field>
                        <field name="engine">tax_tags</field>
                        <field name="formula">Retención Total (compras)</field>
                    </record>
                </field>
            </record>
            <record id="tax_report_ventas_netas_gravadas_c_iva" model="account.report.line">
                <field name="name">Ventas Netas Gravadas con IVA</field>
                <field name="expression_ids">
                    <record id="tax_report_ventas_netas_gravadas_c_iva_tag" model="account.report.expression">
                        <field name="label">balance</field>
                        <field name="engine">tax_tags</field>
                        <field name="formula">Ventas Netas Gravadas con IVA</field>
                    </record>
                </field>
            </record>
            <record id="tax_report_impuestos_originados_venta" model="account.report.line">
                <field name="name">Impuesto Originado por la Venta</field>
                <field name="expression_ids">
                    <record id="tax_report_impuestos_originados_venta_tag" model="account.report.expression">
                        <field name="label">balance</field>
                        <field name="engine">tax_tags</field>
                        <field name="formula">Impuesto Originado por la Venta</field>
                    </record>
                </field>
            </record>
            <record id="tax_report_iva_debito_fiscal" model="account.report.line">
                <field name="name">IVA Debito Fiscal</field>
                <field name="expression_ids">
                    <record id="tax_report_iva_debito_fiscal_tag" model="account.report.expression">
                        <field name="label">balance</field>
                        <field name="engine">tax_tags</field>
                        <field name="formula">IVA Debito Fiscal</field>
                    </record>
                </field>
            </record>
            <record id="tax_report_ppm" model="account.report.line">
                <field name="name">PPM</field>
                <field name="expression_ids">
                    <record id="tax_report_ppm_tag" model="account.report.expression">
                        <field name="label">balance</field>
                        <field name="engine">tax_tags</field>
                        <field name="formula">PPM</field>
                    </record>
                </field>
            </record>
            <record id="tax_report_compras_netas_gr_iva_recup" model="account.report.line">
                <field name="name">Compras Netas Gravadas Con IVA (recuperable)</field>
                <field name="expression_ids">
                    <record id="tax_report_compras_netas_gr_iva_recup_tag" model="account.report.expression">
                        <field name="label">balance</field>
                        <field name="engine">tax_tags</field>
                        <field name="formula">Compras Netas Gravadas Con IVA (recuperable)</field>
                    </record>
                </field>
            </record>
            <record id="tax_report_compras_netas_gr_iva_uso_comun" model="account.report.line">
                <field name="name">Compra Netas Gravadas Con IVA Uso Comun</field>
                <field name="expression_ids">
                    <record id="tax_report_compras_netas_gr_iva_uso_comun_tag" model="account.report.expression">
                        <field name="label">balance</field>
                        <field name="engine">tax_tags</field>
                        <field name="formula">Compra Netas Gravadas Con IVA Uso Comun</field>
                    </record>
                </field>
            </record>
            <record id="tax_report_compras_netas_gr_iva_no_recuperable" model="account.report.line">
                <field name="name">Compras IVA No Recuperable</field>
                <field name="expression_ids">
                    <record id="tax_report_compras_netas_gr_iva_no_recuperable_tag" model="account.report.expression">
                        <field name="label">balance</field>
                        <field name="engine">tax_tags</field>
                        <field name="formula">Compras IVA No Recuperable</field>
                    </record>
                </field>
            </record>
            <record id="tax_report_compras_supermercado" model="account.report.line">
                <field name="name">Compras De Supermercado</field>
                <field name="expression_ids">
                    <record id="tax_report_compras_supermercado_tag" model="account.report.expression">
                        <field name="label">balance</field>
                        <field name="engine">tax_tags</field>
                        <field name="formula">Compras De Supermercado</field>
                    </record>
                </field>
            </record>
            <record id="tax_report_compras_activo_fijo" model="account.report.line">
                <field name="name">Compras de Activo Fijo</field>
                <field name="expression_ids">
                    <record id="tax_report_compras_activo_fijo_tag" model="account.report.expression">
                        <field name="label">balance</field>
                        <field name="engine">tax_tags</field>
                        <field name="formula">Compras de Activo Fijo</field>
                    </record>
                </field>
            </record>
            <record id="tax_report_compras_activo_fijo_uso_comun" model="account.report.line">
                <field name="name">Compras de Activo Fijo Uso Común</field>
                <field name="expression_ids">
                    <record id="tax_report_compras_activo_fijo_uso_comun_tag" model="account.report.expression">
                        <field name="label">balance</field>
                        <field name="engine">tax_tags</field>
                        <field name="formula">Compras de Activo Fijo Uso Común</field>
                    </record>
                </field>
            </record>
            <record id="tax_report_compras_activo_fijo_no_recup" model="account.report.line">
                <field name="name">Compras de Activo Fijo No Recuperable</field>
                <field name="expression_ids">
                    <record id="tax_report_compras_activo_fijo_no_recup_tag" model="account.report.expression">
                        <field name="label">balance</field>
                        <field name="engine">tax_tags</field>
                        <field name="formula">Compras de Activo Fijo No Recuperable</field>
                    </record>
                </field>
            </record>
            <record id="tax_report_compras_no_gravadas_iva" model="account.report.line">
                <field name="name">Compras No Gravadas Con IVA</field>
                <field name="expression_ids">
                    <record id="tax_report_compras_no_gravadas_iva_tag" model="account.report.expression">
                        <field name="label">balance</field>
                        <field name="engine">tax_tags</field>
                        <field name="formula">Compras No Gravadas Con IVA</field>
                    </record>
                </field>
            </record>
            <record id="tax_report_impuestos_pagados_compra" model="account.report.line">
                <field name="name">Impuestos Pagados en la Compra</field>
                <field name="expression_ids">
                    <record id="tax_report_impuestos_pagados_compra_tag" model="account.report.expression">
                        <field name="label">balance</field>
                        <field name="engine">tax_tags</field>
                        <field name="formula">Impuestos Pagados en la Compra</field>
                    </record>
                </field>
            </record>
            <record id="tax_report_compras_iva_recup" model="account.report.line">
                <field name="name">IVA Pagado Compras Recuperables</field>
                <field name="expression_ids">
                    <record id="tax_report_compras_iva_recup_tag" model="account.report.expression">
                        <field name="label">balance</field>
                        <field name="engine">tax_tags</field>
                        <field name="formula">IVA Pagado Compras Recuperables</field>
                    </record>
                </field>
            </record>
            <record id="tax_report_compras_iva_uso_comun" model="account.report.line">
                <field name="name">IVA Pagado Compras Uso Común</field>
                <field name="expression_ids">
                    <record id="tax_report_compras_iva_uso_comun_tag" model="account.report.expression">
                        <field name="label">balance</field>
                        <field name="engine">tax_tags</field>
                        <field name="formula">IVA Pagado Compras Uso Común</field>
                    </record>
                </field>
            </record>
            <record id="tax_report_compras_iva_no_recup" model="account.report.line">
                <field name="name">IVA Pagado No Recuperable</field>
                <field name="expression_ids">
                    <record id="tax_report_compras_iva_no_recup_tag" model="account.report.expression">
                        <field name="label">balance</field>
                        <field name="engine">tax_tags</field>
                        <field name="formula">IVA Pagado No Recuperable</field>
                    </record>
                </field>
            </record>
            <record id="tax_report_compras_iva_supermercado" model="account.report.line">
                <field name="name">IVA Pagado Compras Supermercado</field>
                <field name="expression_ids">
                    <record id="tax_report_compras_iva_supermercado_tag" model="account.report.expression">
                        <field name="label">balance</field>
                        <field name="engine">tax_tags</field>
                        <field name="formula">IVA Pagado Compras Supermercado</field>
                    </record>
                </field>
            </record>
            <record id="tax_report_compras_iva_activo_fijo" model="account.report.line">
                <field name="name">Compras Activo Fijo</field>
                <field name="expression_ids">
                    <record id="tax_report_compras_iva_activo_fijo_tag" model="account.report.expression">
                        <field name="label">balance</field>
                        <field name="engine">tax_tags</field>
                        <field name="formula">Compras Activo Fijo</field>
                    </record>
                </field>
            </record>
            <record id="tax_report_compras_iva_activo_fijo_uso_comun" model="account.report.line">
                <field name="name">Compras Activo Fijo Uso Común</field>
                <field name="expression_ids">
                    <record id="tax_report_compras_iva_activo_fijo_uso_comun_tag" model="account.report.expression">
                        <field name="label">balance</field>
                        <field name="engine">tax_tags</field>
                        <field name="formula">Compras Activo Fijo Uso Común</field>
                    </record>
                </field>
            </record>
            <record id="tax_report_compras_iva_activo_fijo_no_recup" model="account.report.line">
                <field name="name">Compras Activo Fijo No Recuperables</field>
                <field name="expression_ids">
                    <record id="tax_report_compras_iva_activo_fijo_no_recup_tag" model="account.report.expression">
                        <field name="label">balance</field>
                        <field name="engine">tax_tags</field>
                        <field name="formula">Compras Activo Fijo No Recuperables</field>
                    </record>
                </field>
            </record>
            <record id="tax_report_retencion_segunda_categ" model="account.report.line">
                <field name="name">Retención Segunda Categoría</field>
                <field name="expression_ids">
                    <record id="tax_report_retencion_segunda_categ_tag" model="account.report.expression">
                        <field name="label">balance</field>
                        <field name="engine">tax_tags</field>
                        <field name="formula">Retención Segunda Categoría</field>
                    </record>
                </field>
            </record>
            <record id="tax_report_base_retencion_segunda_categ" model="account.report.line">
                <field name="name">Base Retención Segunda Categoría</field>
                <field name="expression_ids">
                    <record id="tax_report_base_retencion_segunda_categ_tag" model="account.report.expression">
                        <field name="label">balance</field>
                        <field name="engine">tax_tags</field>
                        <field name="formula">Base Retención Segunda Categoría</field>
                    </record>
                </field>
            </record>
            <record id="tax_report_base_ila_compras" model="account.report.line">
                <field name="name">Base Retenciones ILA (compras)</field>
                <field name="expression_ids">
                    <record id="tax_report_base_ila_compras_tag" model="account.report.expression">
                        <field name="label">balance</field>
                        <field name="engine">tax_tags</field>
                        <field name="formula">Base Retenciones ILA (compras)</field>
                    </record>
                </field>
            </record>
            <record id="tax_report_tax_ila_compras" model="account.report.line">
                <field name="name">Impuesto Ret Sufrida ILA (compras)</field>
                <field name="expression_ids">
                    <record id="tax_report_tax_ila_compras_tag" model="account.report.expression">
                        <field name="label">balance</field>
                        <field name="engine">tax_tags</field>
                        <field name="formula">Retenciones ILA (compras)</field>
                    </record>
                </field>
            </record>
            <record id="tax_report_base_ila_ventas" model="account.report.line">
                <field name="name">Base Retenciones ILA (ventas)</field>
                <field name="expression_ids">
                    <record id="tax_report_base_ila_ventas_tag" model="account.report.expression">
                        <field name="label">balance</field>
                        <field name="engine">tax_tags</field>
                        <field name="formula">Base Retenciones ILA (ventas)</field>
                    </record>
                </field>
            </record>
            <record id="tax_report_tax_ila_ventas" model="account.report.line">
                <field name="name">Impuesto Ret Practicadas ILA (ventas)</field>
                <field name="expression_ids">
                    <record id="tax_report_tax_ila_ventas_tag" model="account.report.expression">
                        <field name="label">balance</field>
                        <field name="engine">tax_tags</field>
                        <field name="formula">Retenciones ILA (ventas)</field>
                    </record>
                </field>
            </record>
        </field>
    </record>
</odoo>
